i,j,i_chain,i_resnum,j_chain,j_resnum,distance,weight
0,1,A,1,A,2,3.7921301237797773,0.7500577934302712
0,2,A,1,A,3,6.637953315329373,0.41426538484535536
0,48,A,1,A,49,7.624471161907176,0.3126561639535559
0,49,A,1,A,50,5.113551190714982,0.5927585584443508
0,50,A,1,A,51,5.358951594272916,0.5630610364759296
0,51,A,1,A,52,6.449880315676373,0.4351697379881331
1,2,A,2,A,3,3.7868557099819333,0.7506577000265618
1,3,A,2,A,4,6.531310026322953,0.4260663416781053
1,49,A,2,A,50,6.954250447547502,0.3801337989465602
1,50,A,2,A,51,5.170205611810004,0.5858915813006245
1,51,A,2,A,52,5.874904163774807,0.5014306437903902
2,3,A,3,A,4,3.794499376458921,0.7497882014810018
2,4,A,3,A,5,6.806187864656291,0.39594345632535183
2,50,A,3,A,51,5.906223861962958,0.49774389258793655
2,51,A,3,A,52,4.400253538421902,0.6789249932311731
2,52,A,3,A,53,5.742119571871843,0.5171415020566696
2,53,A,3,A,54,6.8134832847029365,0.395157409097434
3,4,A,4,A,5,3.7986708055793517,0.7493133705001008
3,5,A,4,A,6,6.323900391713153,0.44940341363051883
3,50,A,4,A,51,7.131350881137049,0.36163375428344247
3,51,A,4,A,52,6.208575244094669,0.46258353078627223
3,52,A,4,A,53,5.101125639160637,0.5942651636777233
3,53,A,4,A,54,5.889133266574372,0.49975474413535936
3,75,A,4,A,76,6.694978361637247,0.40801362715100725
3,159,A,4,A,160,7.74643988986764,0.30115005425089914
4,5,A,5,A,6,3.795045472800802,0.7497260522732055
4,6,A,5,A,7,6.627860029145963,0.4153762382298873
4,52,A,5,A,53,6.242536360213597,0.4586879240591195
4,53,A,5,A,54,4.822012229989813,0.6281124682845907
4,54,A,5,A,55,6.0168293400195125,0.48478746230749753
4,55,A,5,A,56,7.6514417980230185,0.3100904556115625
4,73,A,5,A,74,7.1038983920475705,0.3644713077778025
4,74,A,5,A,75,5.052062416910087,0.6002153969412809
4,75,A,5,A,76,5.335747464285272,0.5658625809758226
4,76,A,5,A,77,6.753136634647809,0.4016809797514315
5,6,A,6,A,7,3.8114477663177873,0.7478576089408822
5,7,A,6,A,8,6.730495014021974,0.40414107651775744
5,52,A,6,A,53,6.853247364553471,0.39088573920712427
5,53,A,6,A,54,5.992207481826439,0.4876628416803528
5,54,A,6,A,55,4.723448343984933,0.6400434046478051
5,55,A,6,A,56,6.265140535408841,0.4561015857238125
5,74,A,6,A,75,5.776049839811797,0.5131151294867898
5,75,A,6,A,76,6.024206135096801,0.4839270091580669
5,76,A,6,A,77,5.015511508568928,0.6046490246393307
5,77,A,6,A,78,5.78987855938216,0.5114763789345624
5,78,A,6,A,79,7.390150424779344,0.33544862430758204
6,7,A,7,A,8,3.8350668939242074,0.7451611601726681
6,8,A,7,A,9,6.322355634404596,0.4495790334130809
6,54,A,7,A,55,5.736382290517214,0.5178230819701
6,55,A,7,A,56,4.765307732517358,0.6349791243229607
6,56,A,7,A,57,6.4710183416588976,0.43279912742767
6,57,A,7,A,58,7.1251019211139175,0.3622786732425591
6,70,A,7,A,71,7.8614231368833645,0.2905326040483065
6,71,A,7,A,72,7.810286637266485,0.295226757883976
6,74,A,7,A,75,6.027641028617531,0.4835265142672239
6,75,A,7,A,76,7.818046662051934,0.2945115457130408
6,76,A,7,A,77,6.316654798207885,0.45022737016247455
6,77,A,7,A,78,4.809908487486118,0.6295787127774364
6,78,A,7,A,79,6.162045458217935,0.46793958438934846
7,8,A,8,A,9,3.837785119984339,0.7448503952272507
7,9,A,8,A,10,7.07370936793846,0.3676046332814339
7,15,A,8,A,16,6.221434281955757,0.4611071237160027
7,54,A,8,A,55,7.302861634537375,0.344164423309982
7,55,A,8,A,56,6.05241646993017,0.48064087829195346
7,56,A,8,A,57,5.22885897568203,0.578787822450108
7,57,A,8,A,58,5.9725957462299,0.4899568274727164
7,77,A,8,A,78,5.807325249466984,0.5094107919442614
7,78,A,8,A,79,4.677862974070847,0.6455529516406496
7,79,A,8,A,80,6.30603311251412,0.4514362679603875
7,80,A,8,A,81,7.192695408225228,0.35533390833930517
8,9,A,9,A,10,3.8167847062038707,0.7472489298998005
8,10,A,9,A,11,7.186143089126084,0.3560040933764017
8,15,A,9,A,16,6.953023117411508,0.3802635897761135
8,56,A,9,A,57,7.286687354198723,0.34579254939606097
8,57,A,9,A,58,5.858215112037801,0.5033982432894748
8,58,A,9,A,59,7.8666148232270015,0.2900585222379068
8,59,A,9,A,60,7.986055539925732,0.27927965214295314
8,77,A,9,A,78,6.934216401356313,0.382255080960471
8,78,A,9,A,79,6.0822369585921265,0.47717492873721207
8,79,A,9,A,80,5.172615147346817,0.5855996293643909
8,80,A,9,A,81,6.081791059670368,0.47722669478429397
8,95,A,9,A,96,7.658959542896655,0.3093774502796973
9,10,A,10,A,11,3.7703951234993878,0.7525276132028674
9,11,A,10,A,12,6.535283482320412,0.4256241479815612
9,13,A,10,A,14,6.624057498013893,0.41579507230786655
9,15,A,10,A,16,7.1142512536623,0.3633998928025955
9,79,A,10,A,80,5.73450166705145,0.5180465440461308
9,80,A,10,A,81,4.859661436343246,0.6235500867344062
9,81,A,10,A,82,5.967222374066251,0.4905859150401863
9,88,A,10,A,89,7.024796042150999,0.37270979610864585
9,91,A,10,A,92,7.452854161937228,0.32926225991015895
9,92,A,10,A,93,7.215488185369331,0.3530077050097058
9,95,A,10,A,96,7.486144128647824,0.32600352711663877
10,11,A,11,A,12,3.7530398320739127,0.754495353163166
10,12,A,11,A,13,6.2502967901990925,0.45779939211168497
10,13,A,11,A,14,5.957414747686473,0.4917347619824592
10,59,A,11,A,60,7.551730890780053,0.3196358854735726
10,80,A,11,A,81,7.624922033146404,0.31261317348024814
10,81,A,11,A,82,6.880246289289495,0.38799773382790975
10,88,A,11,A,89,5.5255812317672275,0.5430027150453608
10,91,A,11,A,92,7.063730081401972,0.36864334271608545
11,12,A,12,A,13,3.776508227402201,0.7518335761522819
11,13,A,12,A,14,5.777750778914579,0.5129134911512604
11,14,A,12,A,15,7.828851259770356,0.2935174340543721
11,33,A,12,A,34,7.046846019432279,0.3704040743403061
11,58,A,12,A,59,7.060741800085315,0.368954667294365
11,59,A,12,A,60,7.308663257016022,0.34358141750911486
12,13,A,13,A,14,3.819331417867811,0.7469583516226093
12,14,A,13,A,15,5.528842175777819,0.5426113744607671
12,15,A,13,A,16,7.5335562325766725,0.32139339063471156
12,33,A,13,A,34,7.278135410245018,0.34665504469424496
13,14,A,14,A,15,3.8290933261874645,0.745843777674721
13,15,A,14,A,16,6.096800862516617,0.47548515600281555
13,80,A,14,A,81,6.555360500457998,0.42339275757718486
13,81,A,14,A,82,5.377021503711296,0.5608806141953181
13,82,A,14,A,83,4.8772069700174585,0.6214231944708876
13,88,A,14,A,89,7.202811059826416,0.354300539896766
13,115,A,14,A,116,6.7921375355993066,0.39745933736798217
13,116,A,14,A,117,7.687041844101514,0.3067223781398736
14,15,A,15,A,16,3.797933170615022,0.749397351065574
14,16,A,15,A,17,5.480891929824405,0.5483708282900561
14,17,A,15,A,18,5.0593668222943,0.5993294375403039
14,18,A,15,A,19,5.950763947179702,0.49251427643685886
14,80,A,15,A,81,7.541164771627675,0.32065698098898643
14,81,A,15,A,82,7.943449559581118,0.28309639580666085
14,82,A,15,A,83,7.4074007573814145,0.3337404380855287
14,115,A,15,A,116,6.789556022447011,0.39773814409454317
14,116,A,15,A,117,7.521727713210018,0.32254011727438325
14,145,A,15,A,146,7.193594821030211,0.35524196540937997
15,16,A,16,A,17,3.7898069668478045,0.7503220707825815
15,17,A,16,A,18,5.591881532928969,0.5350565795197451
15,18,A,16,A,19,5.323039680422651,0.5673975759704187
15,19,A,16,A,20,6.183774121413456,0.4654357349796452
15,56,A,16,A,57,6.303499489718715,0.4517248080379484
15,57,A,16,A,58,7.463969293514877,0.3281722184011469
15,80,A,16,A,81,6.8718495825802,0.38889482926208574
16,17,A,17,A,18,3.796138141566522,0.7496016882965985
16,18,A,17,A,19,5.412741887896854,0.5565738042321595
16,19,A,17,A,20,5.084325250158335,0.5963024554880295
16,20,A,17,A,21,5.9747987264023,0.48969898331211165
16,31,A,17,A,32,7.038236982539618,0.3713034610338814
16,33,A,17,A,34,7.998452697485393,0.27817498772139626
16,56,A,17,A,57,6.099468561621404,0.47517584916750655
17,18,A,18,A,19,3.8031145055160316,0.7488073045627243
17,19,A,18,A,20,5.529721594706347,0.5425058456145404
17,20,A,18,A,21,5.2729729468552975,0.5734498028515073
17,21,A,18,A,22,6.095158254431832,0.47567564126946
17,27,A,18,A,28,6.197859480688571,0.46381512537382064
17,28,A,18,A,29,5.829823853104736,0.5067502890935836
17,29,A,18,A,30,7.4369616314563824,0.3308242649632241
17,31,A,18,A,32,7.751573733946239,0.30067121895427174
17,145,A,18,A,146,5.70566639885503,0.5214757108900558
17,146,A,18,A,147,7.9201796557750805,0.28519420332525286
18,19,A,19,A,20,3.785870463400678,0.7507697215649123
18,20,A,19,A,21,5.5817382494024255,0.5362707913748949
18,21,A,19,A,22,5.195885325079314,0.582780603825869
18,22,A,19,A,23,6.4276383120281535,0.43766973382020774
18,144,A,19,A,145,7.842609451646816,0.29225444761380276
18,145,A,19,A,146,5.018481904500229,0.6042887015681672
18,151,A,19,A,152,6.661417434610823,0.41168793960775707
19,20,A,20,A,21,3.807584002383091,0.7482980493279302
19,21,A,20,A,22,5.407822202649964,0.5571666902240167
19,22,A,20,A,23,5.214047692483065,0.5805810498746949
19,23,A,20,A,24,6.192390859365277,0.46444409132586134
19,54,A,20,A,55,7.800398100629161,0.29613963069457405
19,56,A,20,A,57,6.751592260963322,0.40184856666686275
20,21,A,21,A,22,3.812144574741426,0.7477781580265933
20,22,A,21,A,23,5.352667592817101,0.5638195603193641
20,23,A,21,A,24,4.975010644920599,0.6095619964457701
20,24,A,21,A,25,5.346425886978525,0.5645731075363036
20,25,A,21,A,26,6.805490331582367,0.39601864992547686
20,26,A,21,A,27,6.823731615772134,0.3940544176801898
20,27,A,21,A,28,7.088578969283319,0.3660596297359902
20,28,A,21,A,29,7.089470333635435,0.3659671176036133
21,22,A,22,A,23,3.7686122498418366,0.7527299363387671
21,23,A,22,A,24,5.57219869661533,0.5374132290750393
21,24,A,22,A,25,5.463333356520877,0.5504824368693986
21,25,A,22,A,26,4.470339641257167,0.6705354342439748
21,26,A,22,A,27,4.978376143542837,0.6091537497256115
21,27,A,22,A,28,5.74924743189825,0.5162950262131923
21,28,A,22,A,29,7.740334394366934,0.30172009451812315
21,145,A,22,A,146,6.510777109344635,0.428354407410388
21,148,A,22,A,149,7.295522777579161,0.3449026581806919
21,151,A,22,A,152,7.672272205962614,0.3081171485011388
22,23,A,23,A,24,3.798705022603817,0.7493094746862281
22,24,A,23,A,25,5.9664030490187,0.4906818586752154
22,25,A,23,A,26,5.754895852339228,0.5156244825539519
22,151,A,23,A,152,7.045544256729839,0.37054000014432315
22,152,A,23,A,153,6.668442245573189,0.4109176540575008
23,24,A,24,A,25,3.8100702387829553,0.7480146583394396
23,25,A,24,A,26,6.019366949439199,0.4844914138694543
23,39,A,24,A,40,7.299715986995848,0.34448074943428914
23,40,A,24,A,41,7.780068894653995,0.29802156178492667
23,41,A,24,A,42,6.611478574565291,0.41718188432473086
24,25,A,25,A,26,3.819053715997674,0.7469900411638328
24,26,A,25,A,27,5.7247561644649885,0.5192049068477369
25,26,A,26,A,27,3.778784051265419,0.7515750723373513
25,27,A,26,A,28,7.0890555913566775,0.36601016104543893
26,27,A,27,A,28,3.7860527189849775,0.7507490002269106
26,28,A,27,A,29,6.250379031015942,0.45778997925057485
27,28,A,28,A,29,3.7640059934994055,0.7532524696017682
27,29,A,28,A,30,6.182618753508628,0.465568754418371
27,145,A,28,A,146,6.38094708636953,0.4429361215942458
27,146,A,28,A,147,5.522430556156459,0.5433808710474094
28,29,A,29,A,30,3.780998332001512,0.7513234949270943
28,30,A,29,A,31,5.681888367227957,0.5243074089623047
28,31,A,29,A,32,6.579075513611383,0.42076336055413405
29,30,A,30,A,31,3.790967373475788,0.7501900740188202
29,31,A,30,A,32,6.659747861043611,0.4118711046166457
30,31,A,31,A,32,3.81707653569206,0.7472156364301253
30,32,A,31,A,33,6.452203692389637,0.4349089197238226
31,32,A,32,A,33,3.7969184292080818,0.7495128692340587
31,33,A,32,A,34,6.174548823776135,0.4664982250412405
31,35,A,32,A,36,7.983442691682623,0.2795128131772334
32,33,A,33,A,34,3.8355386295384553,0.7451072348434807
32,34,A,33,A,35,5.437641735851126,0.5535744916570221
32,35,A,33,A,36,5.775901802027516,0.5131326796104707
33,34,A,34,A,35,3.780671480026149,0.7513606344673252
33,35,A,34,A,36,5.70108263026894,0.5220213126283207
33,58,A,34,A,59,6.656939735457972,0.4121792576679464
34,35,A,35,A,36,3.8204772764785804,0.7468275835022623
34,36,A,35,A,37,6.558843417343851,0.4230061591241421
34,58,A,35,A,59,5.728983799727164,0.5187023290066419
35,36,A,36,A,37,3.795797335202238,0.7496404793875043
35,37,A,36,A,38,6.377120401322565,0.44336882543827993
35,57,A,36,A,58,7.8395921626678,0.292531154889585
35,58,A,36,A,59,6.109596234383659,0.4740021966837483
36,37,A,37,A,38,3.81632079086514,0.7473018536576062
36,38,A,37,A,39,7.163502107148281,0.35832486899300003
36,55,A,37,A,56,7.41915613591984,0.33257909902178906
36,56,A,37,A,57,5.669804253166971,0.525747822881498
36,57,A,37,A,58,5.010455679492469,0.6052623235243539
36,58,A,37,A,59,5.0545618227738185,0.599912238035778
37,38,A,38,A,39,3.7866176783822585,0.7506847651173127
37,39,A,38,A,40,6.936050409182529,0.38206065296868613
37,55,A,38,A,56,5.985808095893825,0.488411021128334
37,56,A,38,A,57,5.573631655397443,0.5372415904155735
37,57,A,38,A,58,7.003145738593087,0.3749805936117497
38,39,A,39,A,40,3.785548426568224,0.7508063341298364
38,40,A,39,A,41,7.069451717647674,0.36804761825103743
38,53,A,39,A,54,6.714915686911329,0.4058377403204796
38,54,A,39,A,55,5.287459597409085,0.5716978966209755
38,55,A,39,A,56,4.260376894588525,0.6955751472285591
38,56,A,39,A,57,5.873332236210132,0.5016158801676724
39,40,A,40,A,41,3.820165457237174,0.7468631706758266
39,41,A,40,A,42,6.7756807275969795,0.3992382244707506
39,52,A,40,A,53,7.863561117106078,0.2903373172997127
39,53,A,40,A,54,5.750804324598712,0.5161101808082283
39,54,A,40,A,55,5.243156235108495,0.577057279532001
39,55,A,40,A,56,6.688510123175494,0.40872065419905257
40,41,A,41,A,42,3.8087385467913335,0.7481664594783793
40,42,A,41,A,43,6.876838694712471,0.388361679978428
40,51,A,41,A,52,6.658115178686542,0.4120502567565203
40,52,A,41,A,53,5.420024390026479,0.5556963384639876
40,53,A,41,A,54,4.688997381364651,0.6442078033939883
40,54,A,41,A,55,6.317757596039487,0.45010192545853284
41,42,A,42,A,43,3.787451280241559,0.7505899782637312
41,43,A,42,A,44,6.4972362257843645,0.429866075353229
41,51,A,42,A,52,5.694811763696045,0.5227679411896905
41,52,A,42,A,53,5.1634757127508,0.586707060582121
41,53,A,42,A,54,6.888117243160073,0.3871576970207695
42,43,A,43,A,44,3.800641756794474,0.7490889416865184
42,44,A,43,A,45,7.0989395979372745,0.36498505614611376
42,49,A,43,A,50,7.057691715833537,0.3692725657252763
42,50,A,43,A,51,5.612807930380634,0.5325533187693239
42,51,A,43,A,52,4.365372854556955,0.6830893533261796
42,52,A,43,A,53,6.076459887884918,0.4778457509233925
43,44,A,44,A,45,3.801577246101664,0.7489824019299565
43,45,A,44,A,46,6.40941549670259,0.4397221889685659
43,49,A,44,A,50,5.772922849950413,0.5134858712336268
43,50,A,44,A,51,5.359597909768503,0.5629830290456004
43,51,A,44,A,52,6.521626213515531,0.427144818705449
43,52,A,44,A,53,7.644273828908785,0.31077116315748454
44,45,A,45,A,46,3.7700956725835653,0.752561598220725
44,46,A,45,A,47,6.63848804902633,0.41420656863422883
44,47,A,45,A,48,5.925768741788359,0.49544709412198995
44,48,A,45,A,49,5.2088016775594985,0.58121630228597
44,49,A,45,A,50,4.194119887265311,0.7034117654250617
44,50,A,45,A,51,5.846318284933102,0.5048021292409314
45,46,A,46,A,47,3.7956581513707954,0.7496563210753548
45,47,A,46,A,48,5.348056533495043,0.5643762309606182
45,48,A,46,A,49,5.289165029249763,0.5714916913730832
45,49,A,46,A,50,6.376064425704341,0.4434882589443354
45,50,A,46,A,51,7.103376590668943,0.3645253510386616
45,156,A,46,A,157,7.287973995573142,0.3456628851692736
45,160,A,46,A,161,7.956409678476653,0.28193207680908977
46,47,A,47,A,48,3.768296597602355,0.7527657527158668
46,48,A,47,A,49,5.6202691364180515,0.5316613761395753
47,48,A,48,A,49,3.799378333452578,0.7492328111817821
47,49,A,48,A,50,6.7789748755686015,0.39888185556818173
48,49,A,49,A,50,3.817475214771171,0.7471701512710242
48,50,A,49,A,51,6.438948536918129,0.43639775682319165
49,50,A,50,A,51,3.8252742268761386,0.7462799670609046
49,51,A,50,A,52,6.978784603824127,0.37754379984977177
50,51,A,51,A,52,3.8192542158863763,0.7469671615097072
50,52,A,51,A,53,6.113047453317139,0.47360246844856174
51,52,A,52,A,53,3.785921085669945,0.7507639661672082
51,53,A,52,A,54,6.493172824740211,0.43032012667686914
52,53,A,53,A,54,3.7998638465072756,0.7491775268636196
52,54,A,53,A,55,5.91142932724032,0.49713188107049316
53,54,A,54,A,55,3.7778823453194854,0.7516775023294044
53,55,A,54,A,56,6.665266722829771,0.4112657788027187
54,55,A,55,A,56,3.8069540386960514,0.7483698427274654
54,56,A,55,A,57,6.405852648236269,0.440123916628632
55,56,A,56,A,57,3.8046426104858586,0.7486332203421703
55,57,A,56,A,58,5.817354057902153,0.5082244162404944
56,57,A,57,A,58,3.793931404789056,0.7498528362151744
56,58,A,57,A,59,6.740947957326056,0.4030044853214189
57,58,A,58,A,59,3.798420626720079,0.7493418544159012
57,59,A,58,A,60,5.975561960827438,0.489609661289019
58,59,A,59,A,60,3.801515337686992,0.7489894528146968
58,60,A,59,A,61,6.740776307924396,0.4030231378476737
59,60,A,60,A,61,3.7746625042214172,0.7520431770313145
59,61,A,60,A,62,6.471814591155823,0.4327099304514548
60,61,A,61,A,62,3.7918272755516673,0.7500922486973216
60,62,A,61,A,63,6.847667829009964,0.3914838194914349
60,63,A,61,A,64,7.922687851646393,0.2849676380414803
60,64,A,61,A,65,7.219822371917855,0.35256626039563227
60,67,A,61,A,68,7.662645390566241,0.3090282174543098
61,62,A,62,A,63,3.791843919711508,0.7500903551092988
61,63,A,62,A,64,5.1186776326308,0.5921370223925747
61,64,A,62,A,65,5.73775366949413,0.5176601446594254
61,66,A,62,A,67,6.402980165334248,0.4404479067544818
61,67,A,62,A,68,6.331044325424136,0.4485915717313817
62,63,A,63,A,64,3.8575292466382356,0.7425904201250739
62,64,A,63,A,65,6.790108381316816,0.39767848110197684
62,66,A,63,A,67,7.552237890027573,0.3195869357025361
63,64,A,64,A,65,3.8110004682861947,0.747908607181112
63,65,A,64,A,66,5.252863827009328,0.5758825371151406
63,66,A,64,A,67,5.66743740950595,0.5260300514651649
63,67,A,64,A,68,7.421524580149688,0.33234538256697577
64,65,A,65,A,66,3.813125397842746,0.7476663131225261
64,66,A,65,A,67,5.206495162788425,0.5814956209845861
64,67,A,65,A,68,5.103146119154829,0.5940201686326463
64,68,A,65,A,69,6.453593404086132,0.4347529429381219
65,66,A,66,A,67,3.8228629617361958,0.7465552710536778
65,67,A,66,A,68,5.43930089614481,0.5533747250578008
65,68,A,66,A,69,5.059989132882317,0.5992539581611349
65,69,A,66,A,70,6.229889841055626,0.460137211257993
66,67,A,67,A,68,3.7932400772392927,0.7499315032132841
66,68,A,67,A,69,5.376049912354599,0.5609978234683335
66,69,A,67,A,70,5.030265441118965,0.6028593208905382
66,70,A,67,A,71,6.483687663437443,0.431380773226778
67,68,A,68,A,69,3.7992405549978265,0.7492484991717557
67,69,A,68,A,70,5.38948382035081,0.5593775020656683
67,70,A,68,A,71,5.424443214794023,0.5551640164216981
67,71,A,68,A,72,6.305207158585955,0.4515303237002051
68,69,A,69,A,70,3.796674339958954,0.7495406544063384
68,70,A,69,A,71,5.605124361173303,0.5334721659803151
68,71,A,69,A,72,5.0778705753722315,0.597085242154029
68,72,A,69,A,73,6.09873221147008,0.4752612188217252
68,102,A,69,A,103,6.012067379658339,0.48534316402582617
69,70,A,70,A,71,3.7960260055507793,0.7496144519487434
69,71,A,70,A,72,5.333389735929469,0.5661473372418737
69,72,A,70,A,73,5.0251890493892795,0.6034750993810344
69,73,A,70,A,74,6.2019662999108895,0.46334298087745723
70,71,A,71,A,72,3.778170364682747,0.7516447856844503
70,72,A,71,A,73,5.37782270460642,0.5607839627054138
70,73,A,71,A,74,5.138553264595076,0.5897275708379272
70,74,A,71,A,75,5.666742697221431,0.52611289713927
71,72,A,72,A,73,3.787644437726961,0.7505680135235455
71,73,A,72,A,74,5.559888401948001,0.5388881837772248
71,74,A,72,A,75,5.042769853856784,0.601342540447555
71,99,A,72,A,100,6.2170615602111665,0.4616089897102122
71,102,A,72,A,103,6.579326286601039,0.42073559300932606
71,103,A,72,A,104,6.7950949989424645,0.3971400376211506
72,73,A,73,A,74,3.815408316635373,0.7474059414632832
72,74,A,73,A,75,5.568560859486701,0.537849014222957
72,75,A,73,A,76,7.872670447228509,0.2895061324148495
72,102,A,73,A,103,6.531204674102048,0.42607806859066827
72,103,A,73,A,104,5.409532779296788,0.5569605330740672
73,74,A,74,A,75,3.807372871245295,0.7483221113060432
73,75,A,74,A,76,6.31067448395822,0.450907865886306
74,75,A,75,A,76,3.794496990073232,0.7497884730584212
74,76,A,75,A,77,5.699764700528381,0.5221782089908771
74,77,A,75,A,78,7.160894873551911,0.35859261650555047
75,76,A,76,A,77,3.8067940628841055,0.7483880734713977
75,77,A,76,A,78,7.050712552829392,0.3700004896181226
75,108,A,76,A,109,7.600628723030354,0.31493432948794237
75,109,A,76,A,110,6.816890877520799,0.39479050387226905
75,162,A,76,A,163,6.375835897901761,0.4435141076458426
76,77,A,77,A,78,3.7850488328778535,0.7508631306120299
76,78,A,77,A,79,6.897097633396806,0.3862003065253495
76,108,A,77,A,109,6.765774697319204,0.40031075535921756
76,109,A,77,A,110,4.659851186304964,0.6477281051049614
76,110,A,77,A,111,5.422020621167377,0.5554558492676321
76,158,A,77,A,159,6.485306014465167,0.43119973151865915
76,159,A,77,A,160,7.404441668349374,0.3340331202823297
76,161,A,77,A,162,7.570711059261242,0.31780626263585054
76,162,A,77,A,163,5.822802387827069,0.5075801990057555
77,78,A,78,A,79,3.7646410948575117,0.7531804402053426
77,79,A,78,A,80,5.945156808588658,0.49317174938482417
77,109,A,78,A,110,6.361391287475262,0.4451491064580385
77,110,A,78,A,111,4.638638978487408,0.6502883289444432
77,111,A,78,A,112,6.549526857892295,0.4240406137271858
77,158,A,78,A,159,7.3458681675428394,0.33985521758415377
78,79,A,79,A,80,3.807955152837089,0.7482557490729788
78,80,A,79,A,81,6.044531440976,0.48155866997952146
78,110,A,79,A,111,5.74376565859304,0.5169459895860968
78,111,A,79,A,112,5.130555155430424,0.5906970941238724
78,112,A,79,A,113,6.208056157574757,0.4626431644777388
78,113,A,79,A,114,6.790041419919711,0.39768571371290545
78,154,A,79,A,155,7.770321986243706,0.2989263445014458
78,155,A,79,A,156,7.532901067797448,0.32145684645964967
78,158,A,79,A,159,7.110845903625337,0.36375213565320696
79,80,A,80,A,81,3.782336882565542,0.7511713837491655
79,81,A,80,A,82,6.85537430552826,0.39065786119211315
79,92,A,80,A,93,6.850626814178124,0.39116658742273963
79,95,A,80,A,96,7.407629304591131,0.33371783839026986
79,110,A,80,A,111,6.89598364213682,0.38631900699062555
79,111,A,80,A,112,6.112031550869476,0.47372012106028133
79,112,A,80,A,113,4.935479547693364,0.6143569503986942
79,113,A,80,A,114,5.902364279320884,0.4981978051538435
80,81,A,81,A,82,3.7897534322558366,0.7503281599511131
80,82,A,81,A,83,6.870855411171705,0.3890011101061097
80,92,A,81,A,93,7.788228700029501,0.2972653437668334
80,112,A,81,A,113,6.144573736468844,0.4699562244621313
80,113,A,81,A,114,4.662101562618741,0.6474564025765541
80,114,A,81,A,115,6.013401278057055,0.485187483599437
80,115,A,81,A,116,6.712421184749837,0.406109698214396
81,82,A,82,A,83,3.806555943284448,0.7484152088363208
81,83,A,82,A,84,6.500399187482596,0.42951277593609627
81,85,A,82,A,86,7.378229862397116,0.3366318031936812
81,88,A,82,A,89,5.051519632111649,0.6002812330257054
81,89,A,82,A,90,5.200124270038616,0.5822671892873047
81,92,A,82,A,93,7.352581929427699,0.3391851279275052
81,112,A,82,A,113,7.991299147681942,0.2788120886790431
81,113,A,82,A,114,6.270920107170386,0.455441145218543
81,114,A,82,A,115,5.154793485342936,0.5877592124840822
81,115,A,82,A,116,6.045489110274678,0.4814471708380884
82,83,A,83,A,84,3.799840870916812,0.7491801431115334
82,84,A,83,A,85,5.4316710712633824,0.5542934648572602
82,85,A,83,A,86,5.383170678726331,0.5601388771286613
82,86,A,83,A,87,7.748769686278428,0.30093269827051294
82,88,A,83,A,89,6.3492454584927,0.4465256837855939
82,89,A,83,A,90,7.025677145178555,0.3726175252242598
82,114,A,83,A,115,5.401467629561664,0.5579326342362875
82,115,A,83,A,116,4.6907268790128365,0.643998827797363
82,116,A,83,A,117,5.6809620010891395,0.5244177994534249
82,117,A,83,A,118,7.846656342032372,0.29188356244211927
83,84,A,84,A,85,3.8165681755906573,0.7472736321844203
83,85,A,84,A,86,5.638161400393272,0.529523740348568
83,86,A,84,A,87,7.2355542042875935,0.35096636270294085
83,89,A,84,A,90,7.697358224138879,0.3057503154731615
83,114,A,84,A,115,5.592622242252058,0.5349679337006003
83,115,A,84,A,116,5.998225135487516,0.4869596100798812
83,116,A,84,A,117,6.151369699787527,0.46917146343576116
83,117,A,84,A,118,6.404036843607882,0.44032871216588787
83,122,A,84,A,123,5.483997159966407,0.5479975312785644
83,123,A,84,A,124,6.120158648482923,0.4727791855508199
83,124,A,84,A,125,5.068197668669224,0.5982583755703375
83,125,A,84,A,126,7.416717249424639,0.3328198603915843
84,85,A,85,A,86,3.8240262093306674,0.7464224673185289
84,86,A,85,A,87,6.51310363696821,0.42809489969555714
84,116,A,85,A,117,7.4966286847871375,0.32498091132840573
84,119,A,85,A,120,7.583253005565446,0.31660050928534716
84,120,A,85,A,121,7.664515729993768,0.30885109003666483
84,121,A,85,A,122,6.355522978986734,0.44581400337827365
84,122,A,85,A,123,4.467746310420018,0.6708463586764829
84,123,A,85,A,124,4.852636423895097,0.6244015516924938
84,124,A,85,A,125,6.269232042921179,0.45563400691109807
85,86,A,86,A,87,3.806859449386913,0.748380622105155
85,87,A,86,A,88,5.488105160676045,0.5475037515916418
85,88,A,86,A,89,5.445475918268651,0.5526313371567849
85,89,A,86,A,90,6.74537345952242,0.40252371598052467
85,122,A,86,A,123,7.8315758614355335,0.2932670623620374
85,123,A,86,A,124,6.3674783318409105,0.44445982697155323
85,124,A,86,A,125,6.994807674717231,0.37585693947018445
86,87,A,87,A,88,3.77931310546827,0.7515149691316595
86,88,A,87,A,89,5.369773962332463,0.5617550107120344
86,89,A,87,A,90,5.049199318100532,0.6005626728818575
86,90,A,87,A,91,6.225545085012182,0.4606354949664616
86,123,A,87,A,124,6.188704390003422,0.4648682529461648
86,124,A,87,A,125,5.857277041742408,0.5035089019330475
87,88,A,88,A,89,3.805122747495366,0.7485785162680796
87,89,A,88,A,90,5.324640624671998,0.5672041678724206
87,90,A,88,A,91,5.0211141237208565,0.6039694022430044
87,91,A,88,A,92,6.1239660928450705,0.47233858279640634
88,89,A,89,A,90,3.7961912959255355,0.7495956380548416
88,90,A,89,A,91,5.517293237883145,0.5439975730420966
88,91,A,89,A,92,5.072049689447237,0.5977911933277944
88,92,A,89,A,93,6.890363491523608,0.38691812141562687
89,90,A,90,A,91,3.800799315111548,0.749070998670427
89,91,A,90,A,92,5.286701146080199,0.571789604161315
89,92,A,90,A,93,5.4056382263763245,0.5574299171548401
89,93,A,90,A,94,7.922927919989587,0.284945958353177
89,124,A,90,A,125,7.314960832118184,0.3429491685284533
89,129,A,90,A,130,7.985356892484551,0.27934198530367094
90,91,A,91,A,92,3.7936266975056037,0.749887509975274
90,92,A,91,A,93,5.2874936051800905,0.5716937846347615
90,93,A,91,A,94,5.950299348565726,0.4925687438196676
90,94,A,91,A,95,7.7009524739938175,0.3054120653900812
91,92,A,92,A,93,3.8168147195927187,0.7472455058607909
91,93,A,92,A,94,5.347323612001325,0.5644647193801056
91,94,A,92,A,95,5.238854193088399,0.5775779512771233
91,95,A,92,A,96,6.488149374181076,0.4308817251974753
92,93,A,93,A,94,3.818984815365283,0.7469979035097242
92,94,A,93,A,95,5.281018675417422,0.572476744693121
92,95,A,93,A,96,4.981329163986903,0.6087955360725121
92,96,A,93,A,97,6.072211225810005,0.47833929150931803
93,94,A,94,A,95,3.7941579832009373,0.7498270522602045
93,95,A,94,A,96,5.595862450127826,0.5345801902627455
93,96,A,94,A,97,5.324179922100577,0.5672598239838897
93,97,A,94,A,98,6.227204176690595,0.4604451973708059
94,95,A,95,A,96,3.805287250416014,0.7485597730747487
94,96,A,95,A,97,5.473259179914131,0.549288584359088
94,97,A,95,A,98,5.129541928166967,0.5908199223886573
94,98,A,95,A,99,5.882879182002531,0.5004911566565837
95,96,A,96,A,97,3.803686130121137,0.7487421876004484
95,97,A,96,A,98,5.447731124320645,0.5523598803075498
95,98,A,96,A,99,5.101206770147252,0.5942553259930045
95,99,A,96,A,100,5.989968131506978,0.4879246141175854
96,97,A,97,A,98,3.796562776308674,0.7495533536701675
96,98,A,97,A,99,5.622371135962345,0.5314101508181124
96,99,A,97,A,100,5.589853867453745,0.5352992593557119
96,100,A,97,A,101,6.259456227798947,0.45675147912761865
97,98,A,98,A,99,3.795319935400058,0.7496948152668226
97,99,A,98,A,100,5.693606279862976,0.5229114978535269
97,100,A,98,A,101,5.30921873156325,0.569067586456189
97,101,A,98,A,102,6.08655150761416,0.4766741309911997
98,99,A,99,A,100,3.7891351994977027,0.7503984767560856
98,100,A,99,A,101,5.419627029903185,0.5557442109339473
98,101,A,99,A,102,4.950480163509998,0.6125375226402943
98,102,A,99,A,103,6.162061448752755,0.4679377400646966
99,100,A,100,A,101,3.8081541892424555,0.7482330640530714
99,101,A,100,A,102,5.331704963514522,0.5663508274244224
99,102,A,100,A,103,5.229252592311798,0.5787401729649753
99,103,A,100,A,104,6.098861345529683,0.47524624714315683
99,108,A,100,A,109,7.958897030812744,0.281708948387191
100,101,A,101,A,102,3.797680638678465,0.7494261005237519
100,102,A,101,A,103,5.636472334386069,0.5297254595329555
100,103,A,101,A,104,5.237264939174277,0.5777703076717494
100,104,A,101,A,105,5.501509983227935,0.5458930279643719
100,105,A,101,A,106,5.216376808663152,0.5802990294991989
100,106,A,101,A,107,6.142152484350737,0.4702359246785666
100,107,A,101,A,108,7.741589096726743,0.3016028977858669
100,108,A,101,A,109,6.778156686695824,0.39897035568230027
101,102,A,102,A,103,3.7890186742971195,0.7504117295990822
101,103,A,102,A,104,5.491749701981368,0.5470657428348544
101,104,A,102,A,105,4.801706504119265,0.6305721437575893
101,105,A,102,A,106,6.864042548824306,0.38972979931442486
102,103,A,103,A,104,3.827348346128725,0.7460430988033934
102,104,A,103,A,105,5.4630206077281365,0.550520060370885
103,104,A,104,A,105,3.8361817503149185,0.7450337136321286
103,105,A,104,A,106,5.3188628640817655,0.5679022084314322
104,105,A,105,A,106,3.768961026256567,0.7526903599263567
104,106,A,105,A,107,7.0860269617552785,0.3663245601917854
105,106,A,106,A,107,3.7748980866645216,0.7520164266705567
105,107,A,106,A,108,5.432683558479076,0.5541715334843639
105,108,A,106,A,109,6.622362624547558,0.4159818145834255
106,107,A,107,A,108,3.804611116706675,0.7486368084623034
106,108,A,107,A,109,6.301692447328459,0.4519306437229451
107,108,A,108,A,109,3.7880807077965177,0.7505184016848232
107,109,A,108,A,110,6.646998302328907,0.41327099927758
107,165,A,108,A,166,7.636610009766292,0.31149990403601496
108,109,A,109,A,110,3.827204580091454,0.7460595188666039
108,110,A,109,A,111,6.200320006910762,0.4635322283747239
108,165,A,109,A,166,7.723073245118002,0.3033350808872616
109,110,A,110,A,111,3.7577014366518284,0.7539672086754081
109,111,A,110,A,112,7.132475774119529,0.3615177226159364
109,138,A,110,A,139,7.633450075542902,0.3118006614040638
109,158,A,110,A,159,7.028194457449673,0.3723539693432596
109,161,A,110,A,162,5.478151780429027,0.5487002723357093
109,162,A,110,A,163,5.386905045196351,0.5596884891969653
109,165,A,110,A,166,6.721731092284492,0.40509511907422135
110,111,A,111,A,112,3.7885457579741204,0.7504655143441978
110,112,A,111,A,113,6.615187461407666,0.4167727778269488
110,138,A,111,A,139,6.210429663044707,0.46237051352177777
110,139,A,111,A,140,7.531198965432101,0.32162173592218074
110,158,A,111,A,159,6.273896774102054,0.4551011328899306
110,161,A,111,A,162,7.00031180589047,0.37527833277282074
110,162,A,111,A,163,7.9980952964715994,0.2782067970832301
111,112,A,112,A,113,3.7704284104895245,0.7525238353533809
111,113,A,112,A,114,6.282865622488824,0.45407721940668744
111,133,A,112,A,134,7.971008536593104,0.28062401183042124
111,138,A,112,A,139,5.829548801550851,0.5067827923754877
111,139,A,112,A,140,5.140222023914119,0.5895252959299929
111,140,A,112,A,141,5.926962030059355,0.4953069645973035
111,141,A,112,A,142,7.534662771317761,0.32128623301107473
111,154,A,112,A,155,6.966940176972514,0.3787931093421543
111,157,A,112,A,158,7.406004929466114,0.33387848141507076
111,158,A,112,A,159,5.822946932052134,0.5075631108364066
112,113,A,113,A,114,3.796324352401116,0.749580492877248
112,114,A,113,A,115,6.7282443843018,0.40438598452262203
112,129,A,113,A,130,7.968353002943526,0.2808616747315274
112,133,A,113,A,134,6.436905780652296,0.4366273819160496
112,138,A,113,A,139,7.138475965550772,0.36089912847030947
112,139,A,113,A,140,6.185977233557952,0.46518212347770793
112,140,A,113,A,141,4.6598743117494035,0.647725313107557
112,141,A,113,A,142,6.382685975315051,0.4427395499524233
113,114,A,114,A,115,3.7876170600149623,0.7505711267859606
113,115,A,114,A,116,5.922101493014136,0.4958778157233228
113,140,A,114,A,141,5.874526010303163,0.5014752037778215
113,141,A,114,A,142,5.092661345076217,0.595291551151672
113,142,A,114,A,143,5.636891883021662,0.5296753527924144
113,143,A,114,A,144,6.709859109625647,0.40638910752761326
113,154,A,114,A,155,7.082647515268138,0.36667553730343927
114,115,A,115,A,116,3.7800911491075784,0.7514265729276419
114,116,A,115,A,117,7.005497356848476,0.3747336154124769
114,117,A,115,A,118,7.160076708263823,0.3586766583854867
114,129,A,115,A,130,7.682570452458259,0.3071442490486543
114,140,A,115,A,141,7.6363215908537,0.3115273484009484
114,141,A,115,A,142,6.338797854903805,0.4477110801876546
114,142,A,115,A,143,4.54300349104008,0.6618094433594601
114,143,A,115,A,144,5.992349143730544,0.48764628331983245
115,116,A,116,A,117,3.826650628291855,0.7461227854096736
115,117,A,116,A,118,5.486047949060985,0.5477510180045291
115,142,A,116,A,143,5.752324748350813,0.515929680849939
115,143,A,116,A,144,4.592035134163799,0.6559073508532162
115,144,A,116,A,145,5.406235503528529,0.5573579276658157
115,145,A,116,A,146,7.195585291811008,0.3550385322546492
116,117,A,117,A,118,3.790348929253508,0.7502604244599066
116,118,A,117,A,119,5.365368820240725,0.562286568016615
116,119,A,117,A,120,5.646230489441929,0.5285603046950719
116,143,A,117,A,144,6.301019576304126,0.4520072976579189
116,144,A,117,A,145,4.794717934796607,0.6314185011579915
116,145,A,117,A,146,6.8236285324027515,0.3940655050763153
116,146,A,117,A,147,7.711347550343038,0.3044350178008046
117,118,A,118,A,119,3.8142231334635732,0.7475411222126273
117,119,A,118,A,120,5.505594146645638,0.5454024381720132
117,142,A,118,A,143,6.438398346839315,0.43645959866631895
117,143,A,118,A,144,5.774526590796749,0.5132957203583048
117,144,A,118,A,145,5.271998308758132,0.5735676879260618
118,119,A,119,A,120,3.8312115135433165,0.7456017763051048
118,120,A,119,A,121,6.806741002663999,0.39588383308972136
118,144,A,119,A,145,6.031763603833005,0.4830459750355532
118,146,A,119,A,147,7.597917696222916,0.31519396543615547
118,147,A,119,A,148,7.558972091162052,0.3189371614986103
119,120,A,120,A,121,3.8085406335458942,0.7481890179416568
119,121,A,120,A,122,6.904857442895514,0.3853739466334582
119,122,A,120,A,123,7.264237074535454,0.3480591628383936
120,121,A,121,A,122,3.807291612282941,0.7483313719951643
120,122,A,121,A,123,5.745082490777358,0.5167895969191639
121,122,A,122,A,123,3.7857332905522623,0.7507853169926392
121,123,A,122,A,124,6.296798770359549,0.45248824454394143
122,123,A,123,A,124,3.809682144712176,0.7480588999382617
122,124,A,123,A,125,5.855249497465533,0.503748101959131
122,125,A,123,A,126,7.136629440024386,0.3610894399345058
123,124,A,124,A,125,3.831975243418899,0.745514507163986
123,125,A,124,A,126,6.2935628580163465,0.4528570940437041
124,125,A,125,A,126,3.78012149754824,0.7514231247793031
124,126,A,125,A,127,6.488937323252466,0.43079361645200237
124,128,A,125,A,129,6.816374455182646,0.39484609841688095
124,129,A,125,A,130,7.346910164249845,0.3397511710250465
125,126,A,126,A,127,3.7612180243390165,0.7535686020515726
125,127,A,126,A,128,5.267244285364971,0.5741427344795743
125,128,A,126,A,129,5.346590069206588,0.5645532845574102
125,129,A,126,A,130,6.692648795434646,0.40826820392670327
126,127,A,127,A,128,3.787194044127706,0.7506192289097006
126,128,A,127,A,129,5.582724691066992,0.5361526843977156
126,129,A,127,A,130,5.318943530394623,0.5678924620340423
126,130,A,127,A,131,6.174091953497127,0.46655086512322913
127,128,A,128,A,129,3.8432057267893733,0.7442304070711657
127,129,A,128,A,130,5.360350724981874,0.5628921693363478
127,130,A,128,A,131,4.996209413864551,0.6069904809664102
127,131,A,128,A,132,6.017440904931582,0.4847161093904314
128,129,A,129,A,130,3.7777254284161526,0.7516953263563672
128,130,A,129,A,131,5.592387211715065,0.5349960611150099
128,131,A,129,A,132,5.16508309629242,0.5865122832312569
128,132,A,129,A,133,6.346693909470282,0.4468150753653816
129,130,A,130,A,131,3.816641664236644,0.7472652485049667
129,131,A,130,A,132,5.311331330410932,0.5688122807890715
129,132,A,130,A,133,5.077949371902018,0.5970756859603871
129,133,A,130,A,134,6.185378229656123,0.465251073138373
129,140,A,130,A,141,7.234953047731191,0.3510274294257309
130,131,A,131,A,132,3.8249727003216196,0.7463143975201688
130,132,A,131,A,133,5.4584575192309,0.5510690446499433
130,133,A,131,A,134,5.10699804001143,0.5935531119130422
130,134,A,131,A,135,6.000029043072847,0.48674886313608995
130,140,A,131,A,141,6.031828439367506,0.4830384188118951
131,132,A,132,A,133,3.794151485020598,0.7498277917430582
131,133,A,132,A,134,5.518063604100517,0.5439050875421503
131,134,A,132,A,135,5.100404795991396,0.5943525711018862
131,135,A,132,A,136,6.219815135129515,0.4612929339136016
132,133,A,133,A,134,3.8011298302148937,0.74903335801351
132,134,A,133,A,135,5.3990737264973525,0.558221220821154
132,135,A,133,A,136,5.068668343945483,0.5982012904192825
132,136,A,133,A,137,6.526141254057821,0.42664184280356354
133,134,A,134,A,135,3.793946966563419,0.7498510653520434
133,135,A,134,A,136,5.378310452780614,0.5607251251501688
133,136,A,134,A,137,5.132710744995509,0.5904357875075587
133,137,A,134,A,138,6.073539537168575,0.47818497221147355
133,138,A,134,A,139,5.210828045595952,0.5809709180261954
133,139,A,134,A,140,6.109199724316733,0.4740481285426267
133,140,A,134,A,141,5.875003838370604,0.5014188987441719
134,135,A,135,A,136,3.8425157526435028,0.744309343576598
134,136,A,135,A,137,5.329637722185676,0.5666005250066078
134,137,A,135,A,138,4.898795804801633,0.6188056642367137
134,138,A,135,A,139,6.122199435516547,0.4725430058280061
134,139,A,135,A,140,7.4341102793533596,0.33110494055120204
135,136,A,136,A,137,3.8244806498924047,0.7463705809408807
135,137,A,136,A,138,5.652715123575059,0.5277863246400902
135,138,A,136,A,139,7.90506018799645,0.28656223779956574
136,137,A,137,A,138,3.8081225609453337,0.7482366688969763
136,138,A,137,A,139,5.48759491483409,0.5475650787896097
137,138,A,138,A,139,3.7989336582612174,0.7492834427618194
137,139,A,138,A,140,7.070935482597125,0.3678932104278249
138,139,A,139,A,140,3.800376167764403,0.7491191867178326
138,140,A,139,A,141,6.6661119075030895,0.4111731106912817
139,140,A,140,A,141,3.7994829216536177,0.7492209022024849
139,141,A,140,A,142,6.67747579984404,0.40992803415152274
139,157,A,140,A,158,7.873921326056098,0.2893921063772073
140,141,A,141,A,142,3.8110633675065304,0.7479014359405924
140,142,A,141,A,143,6.917902711097758,0.3839866247411571
141,142,A,142,A,143,3.811366800160451,0.7478668404026638
141,143,A,142,A,144,6.367635394995128,0.4444420470039922
141,150,A,142,A,151,6.574585940117954,0.4212606121101776
141,153,A,142,A,154,7.762147650572811,0.29968638843670525
141,154,A,142,A,155,6.2877758668953625,0.4535170076485642
142,143,A,143,A,144,3.7785984213757002,0.7515961599669336
142,144,A,143,A,145,7.170873883893517,0.35756838616339764
142,149,A,143,A,150,7.663730002475241,0.3089254939637776
142,150,A,143,A,151,6.173427317620571,0.46662744737452183
143,144,A,144,A,145,3.742853864833255,0.7556483918999709
143,145,A,144,A,146,6.431222281550782,0.4372665127909388
143,148,A,144,A,149,6.940155188548272,0.38162566673930864
143,149,A,144,A,150,5.113551647399044,0.5927585030741259
143,150,A,144,A,151,4.555234694196003,0.6603381264248388
143,151,A,144,A,152,5.764849057843139,0.5144434238102006
143,154,A,144,A,155,7.853861938830271,0.2912238839149902
144,145,A,145,A,146,3.7687263390616796,0.7527169905628696
144,146,A,145,A,147,5.155605512370877,0.5876608025281039
144,147,A,145,A,148,5.489085482899349,0.5473859284997109
144,148,A,145,A,149,5.330979769614705,0.5664384205105755
144,149,A,145,A,150,5.111900841590276,0.5929586549311295
144,150,A,145,A,151,6.773815618806417,0.39944006073009053
144,151,A,145,A,152,6.917162215625975,0.3840653101480118
145,146,A,146,A,147,3.7950270986203605,0.7497281434324644
145,147,A,146,A,148,5.820755835629648,0.5078221607492144
145,148,A,146,A,149,5.000846442120129,0.6064279810941082
145,149,A,146,A,150,7.091993500832973,0.36570530909181953
145,151,A,146,A,152,6.677503065461047,0.40992504880623554
146,147,A,147,A,148,3.823967277537129,0.7464291957498587
146,148,A,147,A,149,5.639784007515761,0.5293299735671669
146,149,A,147,A,150,7.93131976904473,0.28418874526123145
147,148,A,148,A,149,3.8356685160870927,0.7450923866938406
147,149,A,148,A,150,5.468412004052861,0.5498715371136306
148,149,A,149,A,150,3.8069625869889294,0.7483688685602685
148,150,A,149,A,151,6.122029966925329,0.4725626168859924
148,151,A,149,A,152,5.349808270637177,0.5641647441096913
148,152,A,149,A,153,7.673540481095075,0.3079972359306103
149,150,A,150,A,151,3.8039409106035027,0.7487131627994498
149,151,A,150,A,152,5.652252823250007,0.527841494814969
150,151,A,151,A,152,3.799957218562872,0.7491668944480617
150,152,A,151,A,153,5.815523434850364,0.5084409193263432
150,153,A,151,A,154,5.024282171184222,0.6035851065800053
150,154,A,151,A,155,5.968263791879025,0.49046397222823995
151,152,A,152,A,153,3.780447716657174,0.7513860594612487
151,153,A,152,A,154,5.324627783334277,0.5672057191876075
151,154,A,152,A,155,5.263703331872773,0.574571085199304
151,155,A,152,A,156,6.643892574935098,0.4136123191942631
152,153,A,153,A,154,3.793986532615148,0.7498465628912976
152,154,A,153,A,155,5.441416208367636,0.5531200529640646
152,155,A,153,A,156,5.416214399032866,0.5561553772280514
152,156,A,153,A,157,5.956146696138763,0.4918833572692372
153,154,A,154,A,155,3.7960772275521903,0.7496086217292379
153,155,A,154,A,156,5.655545389660819,0.5274485926408228
153,156,A,154,A,157,5.265355203475456,0.5743712536494793
153,157,A,154,A,158,5.7042157879683595,0.5216483614759321
154,155,A,155,A,156,3.7953163176628206,0.7496952270132339
154,156,A,155,A,157,5.621006770152008,0.5315732133196136
154,157,A,155,A,158,5.257818832781621,0.5752830044771605
154,158,A,155,A,159,6.2473649099863575,0.4581350055458113
155,156,A,156,A,157,3.784047150833714,0.7509769975402134
155,157,A,156,A,158,5.482398198193604,0.5481897460381012
155,158,A,156,A,159,5.110744531503744,0.5930988534270373
155,159,A,156,A,160,6.494373585119132,0.4301859313506801
156,157,A,157,A,158,3.810047746777365,0.748017222414456
156,158,A,157,A,159,5.269001257525159,0.5739302044813683
156,159,A,157,A,160,5.030841575486979,0.6027894348633009
156,160,A,157,A,161,6.388313814408478,0.4421035855882039
157,158,A,158,A,159,3.8046656678702204,0.7486305933816441
157,159,A,158,A,160,5.383200826240419,0.5601352409503605
157,160,A,158,A,161,4.990261875508294,0.6077119524327255
157,161,A,158,A,162,6.227462490497888,0.4604155713242979
158,159,A,159,A,160,3.811889415938555,0.7478072522386284
158,160,A,159,A,161,5.329082483285855,0.5666675933559298
158,161,A,159,A,162,4.935204721747547,0.6143902828723554
158,162,A,159,A,163,6.232614225785901,0.45982485971472514
159,160,A,160,A,161,3.8056486598034547,0.7485185934837918
159,161,A,160,A,162,5.377895983177098,0.5607751229839156
159,162,A,160,A,163,5.055781359861497,0.599764318655124
159,163,A,160,A,164,6.218527852963361,0.4614406788544087
160,161,A,161,A,162,3.815409603967584,0.7474057946219813
160,162,A,161,A,163,5.429475374212027,0.5545579013667021
160,163,A,161,A,164,5.038215274306454,0.6018950026998384
160,164,A,161,A,165,6.140609652882666,0.4704141800530248
161,162,A,162,A,163,3.831784228002029,0.7455363346007495
161,163,A,162,A,164,5.412415169155374,0.556613175225408
161,164,A,162,A,165,5.056519837946377,0.5996747479903152
161,165,A,162,A,166,6.243297092665646,0.458600796502944
162,163,A,163,A,164,3.8091742756325866,0.7481167926851527
162,164,A,163,A,165,5.452063653002659,0.5518384373379852
162,165,A,163,A,166,5.148205280814841,0.5885576758340793
162,166,A,163,A,167,6.252025852615088,0.4576015071909995
163,164,A,164,A,165,3.7923465311609217,0.7500331718862726
163,165,A,164,A,166,5.384750328943825,0.5599483553465169
163,166,A,164,A,167,5.104721039661807,0.5938292030878337
163,167,A,164,A,168,6.081720214128774,0.4772349196715551
164,165,A,165,A,166,3.7811750021277035,0.7513034196794922
164,166,A,165,A,167,5.495906488756095,0.5465662445705536
164,167,A,165,A,168,5.234971014517017,0.5780479643450974
164,168,A,165,A,169,6.253040174103038,0.45748543612540593
165,166,A,166,A,167,3.7984839396063936,0.7493346460523679
165,167,A,166,A,168,5.5640973789426535,0.5383837986057058
165,168,A,166,A,169,5.375324026950818,0.5610853938205892
166,167,A,167,A,168,3.802608881765196,0.7488648995599806
166,168,A,167,A,169,5.500079453522543,0.5460648813961
167,168,A,168,A,169,3.800176670244806,0.7491419047224905
