idx,chain,resnum,resname,x,y,z,is_marked,degree,weighted_degree,sasa,is_surface,dist_to_marked
0,A,1,MET,-26.322999954223633,-24.363000869750977,42.027000427246094,False,6,3.067968675137596,101.90817630235406,True,25.46982884566995
1,A,2,THR,-23.54400062561035,-25.961999893188477,44.051998138427734,False,6,3.394237859172513,21.04459927497256,True,23.837832754362267
2,A,3,GLU,-20.8439998626709,-23.91900062561035,45.74800109863281,False,8,4.399622539651484,72.1715441371354,True,20.747104041049404
3,A,4,TYR,-17.233999252319336,-25.05500030517578,45.472999572753906,False,10,5.00197220157443,6.61232368631088,False,18.101314527907697
4,A,5,LYS,-14.26099967956543,-23.79199981689453,47.47200012207031,False,12,6.124267693037654,39.92587271594195,True,15.531718028301619
5,A,6,LEU,-11.197999954223633,-23.174999237060547,45.31800079345703,False,13,6.77443788914779,0.0,False,12.218303904554958
6,A,7,VAL,-7.890999794006348,-22.06800079345703,46.85599899291992,False,15,7.2173971369616154,0.0,False,9.828746120966319
7,A,8,VAL,-5.111999988555908,-20.33799934387207,44.858001708984375,False,13,6.578148260324476,0.0,False,6.221434281955757
8,A,9,VAL,-1.6670000553131104,-21.06100082397461,46.387001037597656,False,14,6.328108792885109,0.0,False,6.953023117411508
9,A,10,GLY,1.9429999589920044,-20.350000381469727,45.37200164794922,False,13,6.0853661234419985,0.0,False,3.7703951234993878
10,A,11,ALA,4.947999954223633,-18.256000518798828,46.266998291015625,True,10,4.744454064379756,0.0,False,0.0
11,A,12,GLY,4.644999980926514,-14.531999588012695,46.62099838256836,True,8,3.821324161646427,9.927432785343743,False,0.0
12,A,13,GLY,4.750999927520752,-12.767000198364258,43.284000396728516,True,6,3.1672511296762997,7.039994977429366,False,0.0
13,A,14,VAL,3.74399995803833,-15.682000160217285,41.03099822998047,True,12,6.052909432389744,0.0,False,0.0
14,A,15,GLY,0.45399999618530273,-13.998000144958496,40.029998779296875,True,13,5.984598521182135,0.0,False,0.0
15,A,16,LYS,-2.2149999141693115,-15.461999893188477,42.30099868774414,True,13,6.238050320951384,0.0,False,0.0
16,A,17,SER,-3.990999937057495,-12.130999565124512,42.637001037597656,True,9,4.815524128324321,0.0,False,0.0
17,A,18,ALA,-3.621000051498413,-11.1899995803833,38.97800064086914,True,13,6.633157112255088,0.0,False,0.0
18,A,19,LEU,-5.080999851226807,-14.53600025177002,37.9119987487793,False,11,5.981014900577772,0.0,False,3.8031145055160316
19,A,20,THR,-7.96999979019165,-14.317999839782715,40.3489990234375,False,10,5.403491835761067,0.0,False,5.084325250158335
20,A,21,ILE,-8.85099983215332,-10.722000122070312,39.459999084472656,False,12,6.355550264139746,2.5484599605920395,False,5.2729729468552975
21,A,22,GLN,-8.774999618530273,-11.590999603271484,35.749000549316406,False,14,7.383105214422264,0.0,False,5.74924743189825
22,A,23,LEU,-11.310999870300293,-14.314000129699707,36.34600067138672,False,9,4.871873750470253,0.0,False,8.707634609046112
23,A,24,ILE,-13.522000312805176,-12.204000473022461,38.60200119018555,False,9,4.65291905928574,7.328606811329354,False,9.959888532086289
24,A,25,GLN,-13.213000297546387,-8.711000442504883,37.11199951171875,False,6,3.619947009431927,70.44002393018286,True,8.55261184304268
25,A,26,ASN,-11.942000389099121,-9.317000389099121,33.5620002746582,False,7,3.9312452551394808,48.22602333857926,True,7.0890555913566775
26,A,27,HIS,-8.920000076293945,-7.052999973297119,33.707000732421875,False,6,3.4825271260683746,75.83836081692296,True,3.7860527189849775
27,A,28,PHE,-5.214000225067139,-7.26800012588501,34.45100021362305,True,9,4.668067159257148,30.735130841494406,True,0.0
28,A,29,VAL,-4.3379998207092285,-5.551000118255615,37.683998107910156,True,8,4.081874214511196,23.785626298859036,True,0.0
29,A,30,ASP,-0.7129999995231628,-4.4770002365112305,37.64099884033203,True,5,2.7097776929441553,91.71098123903187,True,0.0
30,A,31,GLU,-0.42800000309944153,-3.6080000400543213,41.31999969482422,True,4,2.456622039135073,135.28914391033118,True,0.0
31,A,32,TYR,-2.4860000610351562,-5.390999794006348,43.994998931884766,True,8,3.747348689041591,22.80293611681615,True,0.0
32,A,33,ASP,-1.0,-5.409999847412109,47.48899841308594,False,5,2.9962361950688545,45.960495212369516,True,3.7969184292080818
33,A,34,PRO,0.9129999876022339,-8.70300006866455,47.94499969482422,True,8,3.8924007714042608,43.90689892657094,True,0.0
34,A,35,THR,-0.12700000405311584,-8.890000343322754,51.57500076293945,False,5,2.993471197757394,84.47169619002936,True,3.780671480026149
35,A,36,ILE,-3.9010000228881836,-8.975000381469727,50.98699951171875,False,8,4.021037045317405,32.730368902159896,True,5.70108263026894
36,A,37,GLU,-5.7220001220703125,-12.295999526977539,51.237998962402344,False,8,4.341774844625672,15.367565420747201,False,8.232661522196949
37,A,38,ASP,-9.357999801635742,-12.149999618530273,50.0880012512207,False,7,3.7240493023375425,34.06471639947501,True,9.182725778973422
38,A,39,SER,-12.043999671936035,-14.336999893188477,48.55799865722656,False,8,4.402590250828873,3.214377072188161,False,10.23598822728042
39,A,40,TYR,-14.427000045776367,-13.82800006866455,45.6609992980957,False,9,4.415674563518384,13.100441365469432,False,10.997021162919106
40,A,41,ARG,-17.606000900268555,-15.491999626159668,44.349998474121094,False,9,4.611516814241627,62.17453135769995,True,14.127948642886988
41,A,42,LYS,-18.3799991607666,-16.176000595092773,40.683998107910156,False,8,4.241675320683402,6.795893228245438,False,15.07380351589185
42,A,43,GLN,-21.194000244140625,-18.184999465942383,39.13800048828125,False,8,4.315786644818964,42.66183549247085,True,18.56979103836986
43,A,44,VAL,-20.426000595092773,-20.187000274658203,36.0,False,8,4.182044490080431,23.02787415081318,True,19.13402269222742
44,A,45,VAL,-21.9060001373291,-23.115999221801758,34.08100128173828,False,8,4.5656129160049765,73.1769920163609,True,21.56850433560214
45,A,46,ILE,-19.55299949645996,-25.983999252319336,33.409000396728516,False,9,4.513416602559708,2.5484599605920395,False,21.124967427990974
46,A,47,ASP,-20.56399917602539,-29.033000946044922,31.386999130249023,False,4,2.4482900185650256,33.64173236459568,True,23.959382776519035
47,A,48,GLY,-24.18600082397461,-28.04400062561035,31.70800018310547,False,5,2.9607037445484385,20.4260825133338,True,26.153712837706646
48,A,49,GLU,-24.139999389648438,-27.607999801635742,35.481998443603516,False,7,3.9298262530281822,91.23411260695818,True,25.858079932591313
49,A,50,THR,-24.270999908447266,-24.277999877929688,37.34400177001953,False,10,5.272426592469094,47.92039663886743,True,24.224860302702275
50,A,51,CYS,-21.45400047302246,-23.743000030517578,39.875999450683594,False,12,6.376441446584815,0.0,False,21.08541503214344
51,A,52,LEU,-20.83799934387207,-20.996999740600586,42.45800018310547,False,12,6.4287563299773645,35.01242180572752,True,19.03836624898947
52,A,53,LEU,-17.086999893188477,-20.677000045776367,42.85900115966797,False,13,6.653013801977218,0.0,False,15.63932936926912
53,A,54,ASP,-15.767000198364258,-19.395999908447266,46.183998107910156,False,12,6.3064418194138145,2.142918048125441,False,14.284103064581343
54,A,55,ILE,-12.175000190734863,-18.554000854492188,45.37099838256836,False,12,6.319118247297464,0.0,False,10.756744265702189
55,A,56,LEU,-9.574999809265137,-17.770000457763672,48.03900146484375,False,12,6.223591223640873,1.6989733070613597,False,9.600051784025291
56,A,57,ASP,-6.611000061035156,-15.725000381469727,46.81100082397461,False,13,6.592348475118296,0.0,False,6.099468561621404
57,A,58,THR,-4.039000034332275,-16.659000396728516,49.43899917602539,False,11,5.453608802592175,0.0,False,7.463969293514877
58,A,59,ALA,-1.187000036239624,-14.4350004196167,50.599998474121094,False,10,4.9681681413260765,12.819105460155162,False,6.656939735457972
59,A,60,GLY,1.0499999523162842,-16.79599952697754,52.56800079345703,False,7,3.3658491767121257,11.268264529895866,False,7.308663257016022
60,A,61,GLN,1.5959999561309814,-16.711000442504883,56.301998138427734,False,7,3.243204498959167,144.64057196582453,True,10.381050146686997
61,A,62,GLU,-1.4579999446868896,-16.319000244140625,58.51499938964844,False,7,3.9317291797959393,22.329033148207436,True,13.241978436032536
62,A,63,GLU,-1.7450000047683716,-14.692000389099121,61.928001403808594,False,5,2.6014300115303204,81.58839271804712,True,15.44206675257776
63,A,64,TYR,-1.9570000171661377,-18.32900047302246,63.19599914550781,False,7,3.801861658887522,76.18125937187696,True,18.241005180280602
64,A,65,SER,-0.9909999966621399,-21.395000457763672,61.14899826049805,False,8,4.3737485390160264,2.5484599605920395,False,16.32785852845122
65,A,66,ALA,-4.236999988555908,-22.98699951171875,62.361000061035156,False,6,3.682870015768273,40.95586271697729,True,19.124943618041367
66,A,67,MET,-5.993000030517578,-20.610000610351562,59.93600082397461,False,9,4.959285206759381,53.647092789760734,True,17.666024661569352
67,A,68,ARG,-3.953000068664551,-21.94499969482422,57.029998779296875,False,10,5.302611910015726,37.504333098554945,True,14.445715483800512
68,A,69,ASP,-4.859000205993652,-25.500999450683594,58.013999938964844,False,9,5.18495566912758,4.285836096250882,False,16.93101619461853
69,A,70,GLN,-8.53499984741211,-24.55900001525879,58.13399887084961,False,8,4.754494558069647,66.94388369607954,True,19.03535628941744
70,A,71,TYR,-8.647000312805176,-23.170000076293945,54.60300064086914,False,9,4.9884332279929025,0.0,False,15.878386190211433
71,A,72,MET,-6.795000076293945,-26.22599983215332,53.375999450683594,False,11,5.831917804753548,0.0,False,15.87314827813838
72,A,73,ARG,-9.303999900817871,-28.485000610351562,55.09299850463867,False,9,4.947887984197544,58.97988348737634,True,19.58284268959344
73,A,74,THR,-12.331000328063965,-26.634000778198242,53.689998626708984,False,7,3.9030659619260444,37.60235078934694,True,18.89064286249457
74,A,75,GLY,-10.758000373840332,-26.134000778198242,50.25899887084961,False,10,5.641042902365969,0.0,False,15.817845196419617
75,A,76,GLU,-12.041000366210938,-28.63800048828125,47.7130012512207,False,12,5.514144738453089,8.571672192501763,False,17.304538373284746
76,A,77,GLY,-9.49899959564209,-27.881999969482422,44.981998443603516,False,14,7.058301117327297,0.0,False,14.645846269360987
77,A,78,PHE,-6.201000213623047,-26.041000366210938,44.736000061035156,False,13,6.617862657656422,0.0,False,11.564284719920375
78,A,79,LEU,-4.6570000648498535,-23.996000289916992,41.97800064086914,False,15,7.2474185433729,0.8494866535306799,False,8.882390176386721
79,A,80,CYS,-0.9160000085830688,-24.43400001525879,42.53799819946289,False,13,6.635817494186445,0.8494866535306799,False,9.06864685130575
80,A,81,VAL,0.7200000286102295,-21.493999481201172,40.810001373291016,False,16,7.579702907571772,0.0,False,6.555360500457998
81,A,82,PHE,4.363999843597412,-20.91200065612793,39.946998596191406,False,16,7.703299635439672,0.8494866535306799,False,5.377021503711296
82,A,83,ALA,5.915999889373779,-18.363000869750977,37.58399963378906,False,14,7.094501167805863,0.0,False,4.6907268790128365
83,A,84,ILE,7.804999828338623,-19.69499969482422,34.56800079345703,False,14,6.995489641930156,0.0,False,5.998225135487516
84,A,85,ASN,10.663000106811523,-17.243999481201172,35.19300079345703,False,11,5.623212895364533,19.67553089564997,False,7.4966286847871375
85,A,86,ASN,11.142999649047852,-18.208999633789062,38.86199951171875,False,11,5.53734014362732,16.28954746635212,False,8.11390647017896
86,A,87,THR,12.654000282287598,-21.628999710083008,39.577999114990234,False,10,5.1712198853453915,42.074722090997376,True,10.747198452498866
87,A,88,LYS,12.241000175476074,-21.22599983215332,43.3129997253418,False,6,3.6911093899032124,120.48761808753716,True,8.410401635743524
88,A,89,SER,8.48900032043457,-20.783000946044922,42.86000061035156,False,12,6.4580873578393305,0.0,False,5.5255812317672275
89,A,90,PHE,8.413999557495117,-24.031999588012695,40.89799880981445,False,13,6.366048856946254,0.0,False,8.614027741223962
90,A,91,GLU,10.430999755859375,-25.905000686645508,43.51900100708008,False,8,4.477235572741774,48.50895517296156,True,9.804181733575387
91,A,92,ASP,8.0,-24.625,46.1349983215332,False,10,5.409882394602529,12.857508288752644,False,7.063730081401972
92,A,93,ILE,5.2779998779296875,-26.677000045776367,44.417999267578125,False,12,6.050521568977479,0.0,False,8.62791576058058
93,A,94,HIS,6.723999977111816,-29.816999435424805,46.04100036621094,False,8,4.40108958894032,65.13453995591226,True,11.69880109641761
94,A,95,HIS,6.044000148773193,-28.214000701904297,49.4119987487793,False,8,4.594453250099608,58.14491099190524,True,10.50019104361987
95,A,96,TYR,2.509000062942505,-27.111000061035156,48.5359992980957,False,11,5.675198048412676,0.8494866535306799,False,9.46087220782552
96,A,97,ARG,1.5989999771118164,-30.57900047302246,47.26599884033203,False,8,4.616644130424355,9.569291222834508,False,12.808986330542519
97,A,98,GLU,2.9800000190734863,-32.20600128173828,50.40599822998047,False,8,4.671526384304919,32.656076519087804,True,14.683557659011433
98,A,99,GLN,1.4780000448226929,-29.687999725341797,52.816001892089844,False,8,4.762469399129547,12.136914898613446,False,13.624278087169413
99,A,100,ILE,-2.0439999103546143,-29.72599983215332,51.41899871826172,False,10,5.408422097765939,0.0,False,14.387218451005694
100,A,101,LYS,-2.065000057220459,-33.534000396728516,51.391998291015625,False,12,6.483719443909588,66.94800546564105,True,17.574557588472445
101,A,102,ARG,-0.8209999799728394,-33.500999450683594,54.97999954223633,False,8,4.72276799708562,112.91233342104795,True,18.48263356444909
102,A,103,VAL,-3.427000045776367,-31.076000213623047,56.27799987792969,False,9,4.955535086961808,5.813203046202552,False,18.295167939882074
103,A,104,LYS,-6.256999969482422,-32.9109992980957,54.46900177001953,False,8,4.613161889211932,0.0,False,20.188954246840964
104,A,105,ASP,-4.701000213623047,-36.305999755859375,55.34600067138672,False,6,3.591033865843117,48.316388109667116,True,22.39048817957696
105,A,106,SER,-5.461999893188477,-37.46699905395508,51.84199905395508,False,7,4.012791171909758,13.557517963825521,False,22.550192794024426
106,A,107,GLU,-3.690999984741211,-38.86800003051758,48.81700134277344,False,5,2.789144363726157,49.811459487139885,True,22.494207240543123
107,A,108,ASP,-6.447000026702881,-37.6349983215332,46.50199890136719,False,6,3.0797005447309522,66.61151575970035,True,22.48214415242827
108,A,109,VAL,-6.664999961853027,-33.854000091552734,46.42399978637695,False,10,4.527282077036435,0.0,False,19.366654584112954
109,A,110,PRO,-8.0,-31.986000061035156,43.36199951171875,False,12,5.960121676225016,0.0,False,17.53951339942283
110,A,111,MET,-5.339000225067139,-29.698999404907227,42.016998291015625,False,13,6.386325416200017,0.0,False,14.578483777969216
111,A,112,VAL,-4.191999912261963,-28.014999389648438,38.823001861572266,False,15,7.220802119969454,0.0,False,12.099173655468375
112,A,113,LEU,-0.6169999837875366,-26.93899917602539,38.29600143432617,False,14,6.783066690253382,0.0,False,9.571121662920783
113,A,114,VAL,-0.36899998784065247,-23.486000061035156,36.737998962402344,False,13,6.848394474008026,0.0,False,5.922101493014136
114,A,115,GLY,2.756999969482422,-22.02400016784668,35.176998138427734,False,14,7.0214796263711445,0.0,False,3.7800911491075784
115,A,116,ASN,1.9830000400543213,-18.32699966430664,35.02799987792969,True,14,7.4391244720810406,0.0,False,0.0
116,A,117,LYS,3.6549999713897705,-15.319999694824219,33.35300064086914,True,14,6.691722689318623,10.682043340736014,False,0.0
117,A,118,CYS,4.014999866485596,-17.17099952697754,30.065000534057617,True,10,5.205166942793255,14.765183878977282,False,0.0
118,A,119,ASP,4.138999938964844,-13.835000038146973,28.219999313354492,True,7,3.5684904015943877,5.049519571226717,False,0.0
119,A,120,LEU,7.4120001792907715,-12.84000015258789,29.94499969482422,True,7,3.6177871558710457,23.46885322841227,True,0.0
120,A,121,PRO,10.92199993133545,-13.390000343322754,28.572999954223633,False,5,2.718044909982371,73.9556043396266,True,3.8085406335458942
121,A,122,SER,13.810999870300293,-15.434000015258789,29.976999282836914,False,5,2.7827928835434768,77.54566562770162,True,6.904857442895514
122,A,123,ARG,11.847999572753906,-18.48200035095215,31.066999435424805,False,9,4.74064147089918,15.367565420747201,False,7.264237074535454
123,A,124,THR,13.777000427246094,-20.597999572753906,33.58000183105469,False,8,4.405427562850925,50.37405589954474,True,10.67300443596683
124,A,125,VAL,11.237000465393066,-23.40399932861328,34.17900085449219,False,11,5.442284012209471,0.0,False,10.389060487568008
125,A,126,ASP,10.772000312805176,-25.53700065612793,31.093000411987305,False,8,4.1987223441643575,68.75991274541366,True,10.802953932769132
126,A,127,THR,7.291999816894531,-26.590999603271484,30.131000518798828,False,6,3.5055774589682622,8.719804569303829,False,9.973940350249942
127,A,128,LYS,8.482999801635742,-30.18600082397461,30.14900016784668,False,6,3.72359113015363,92.46084170633189,True,13.760826215013902
128,A,129,GLN,9.730999946594238,-30.040000915527344,33.78099822998047,False,8,4.559801220511188,41.93929431488643,True,14.098968542869665
129,A,130,ALA,6.322000026702881,-28.82200050354004,34.861000061035156,False,13,6.227278959580889,0.0,False,11.357810195565373
130,A,131,GLN,4.39300012588501,-31.363000869750977,32.76599884033203,False,9,5.216526491740755,29.342337154451904,True,13.448497185044245
131,A,132,ASP,6.578999996185303,-34.097999572753906,34.305999755859375,False,8,4.735733455231625,15.320165070789841,False,16.442899315062085
132,A,133,LEU,5.763999938964844,-32.91299819946289,37.81700134277344,False,8,4.67688530977628,3.2647430856105126,False,15.324028278296874
133,A,134,ALA,2.0380001068115234,-32.68000030517578,37.10200119018555,False,13,7.004628919887786,0.0,False,14.502176865814741
134,A,135,ARG,2.0769999027252197,-36.14400100708008,35.55500030517578,False,9,5.122537199610301,122.79642479414277,True,17.82504143818157
135,A,136,SER,3.8010001182556152,-37.5,38.709999084472656,False,7,3.925247836440188,69.82292716842352,True,19.607809268600626
136,A,137,TYR,0.8830000162124634,-36.10200119018555,40.749000549316406,False,6,3.625850483945197,43.22002110879007,True,18.70536094223944
137,A,138,GLY,-1.8300000429153442,-37.202999114990234,38.31399917602539,False,6,3.490190283174898,61.751421659114484,True,19.5356114898413
138,A,139,ILE,-3.0360000133514404,-33.637001037597656,37.803001403808594,False,11,5.439070076385949,2.4152564320798326,False,16.34891852860274
139,A,140,PRO,-3.4700000286102295,-31.239999771118164,34.88600158691406,False,10,4.747035664300583,24.87921470157364,True,14.017879476654855
140,A,141,PHE,-0.8550000190734863,-28.642000198364258,33.96500015258789,False,11,5.583801650440944,2.0571148695705963,False,10.750974317209353
141,A,142,ILE,-1.7309999465942383,-25.375,32.20899963378906,False,11,5.3316307799970435,0.0,False,8.450731744010344
142,A,143,GLU,0.4729999899864197,-22.410999298095703,31.268999099731445,False,10,5.160445028280584,12.635535918220604,False,5.752324748350813
143,A,144,THR,-1.1729999780654907,-19.047000885009766,31.770999908447266,False,14,7.344588475342185,0.0,False,3.742853864833255
144,A,145,SER,-0.7379999756813049,-15.345000267028809,31.43199920654297,True,14,7.481527485373085,0.0,False,0.0
145,A,146,ALA,-2.796999931335449,-13.121999740600586,33.67300033569336,True,14,6.930993090730851,0.0,False,0.0
146,A,147,LYS,-1.840000033378601,-10.3100004196167,31.31100082397461,True,9,4.345540918148448,65.52137054253407,True,0.0
147,A,148,THR,-3.130000114440918,-11.770999908447266,28.020999908447266,False,6,3.4155383703048656,2.5484599605920395,False,3.823967277537129
148,A,149,ARG,-5.631999969482422,-14.154999732971191,29.684999465942383,False,10,5.266910552272254,4.605574830162636,False,5.000846442120129
149,A,150,GLN,-4.039999961853027,-17.163000106811523,27.979000091552734,False,9,4.719331769610402,10.454215041497681,False,5.111900841590276
150,A,151,GLY,-5.146999835968018,-20.253999710083008,29.899999618530273,False,10,5.520598918907721,0.0,False,6.773815618806417
151,A,152,VAL,-6.814000129699707,-18.375999450683594,32.75199890136719,False,13,6.546727187432812,0.0,False,6.677503065461047
152,A,153,ASP,-10.378999710083008,-19.56599998474121,32.34400177001953,False,8,4.329747219128354,0.0,False,10.038829462590524
153,A,154,ASP,-9.07699966430664,-23.00200080871582,31.39900016784668,False,8,4.5934006065910875,0.0,False,11.321204089620657
154,A,155,ALA,-7.132999897003174,-23.275999069213867,34.64799880981445,False,13,6.47158606518726,0.0,False,10.379713424462789
155,A,156,PHE,-10.029000282287598,-22.406999588012695,36.94200134277344,False,9,4.890819890892053,0.0,False,11.747785964064217
156,A,157,TYR,-12.630999565124512,-24.381000518798828,35.03099822998047,False,9,5.061308154295146,4.114229739141193,False,15.010556472087245
157,A,158,THR,-10.357999801635742,-27.427000045776367,34.76300048828125,False,10,5.393302280286956,7.683782710373602,False,15.335596131610188
158,A,159,LEU,-9.958999633789062,-27.260000228881836,38.542999267578125,False,14,7.232309942843116,0.0,False,14.604276881121486
159,A,160,VAL,-13.74899959564209,-27.34000015258789,38.94300079345703,False,10,5.346599747913439,0.0,False,16.89367303674791
160,A,161,ARG,-13.838000297546387,-30.423999786376953,36.71500015258789,False,9,5.021206680411288,13.094158180162257,False,19.752441832607012
161,A,162,GLU,-11.137999534606934,-32.04100036621094,38.87200164794922,False,11,5.985196693866348,3.214377072188161,False,19.137429284251613
162,A,163,ILE,-13.175000190734863,-31.301000595092773,42.03200149536133,False,12,6.49478742031731,0.0,False,19.263123027867305
163,A,164,ARG,-16.264999389648438,-32.83300018310547,40.415000915527344,False,8,4.749111299456986,17.233834819797522,False,22.421220393414508
164,A,165,LYS,-14.329000473022461,-35.92900085449219,39.39099884033203,False,8,4.7053636019881475,87.22146940786345,True,23.960701930491098
165,A,166,HIS,-13.07800006866455,-36.36899948120117,42.93199920654297,False,10,5.227144189839192,36.347887710027315,True,23.56916557251128
166,A,167,LYS,-16.554000854492188,-35.9900016784668,44.41600036621094,False,6,3.642261381857835,76.09806999840993,True,25.129246653309913
167,A,168,GLU,-18.165000915527344,-38.4010009765625,41.95600128173828,False,5,3.0916734869048295,122.4341488957014,True,27.941355118471037
168,A,169,LYS,-15.593999862670898,-41.111000061035156,42.65399932861328,False,4,2.3137776160645855,104.43850299014959,True,28.930839232290833
